Plot Title: 20449374_Conductivity,,,,,,,,,,
#,"Date Time, GMT-07:00","Low Range, μS/cm (LGR S/N: 20449374, SEN S/N: 20449374)","High Range, μS/cm (LGR S/N: 20449374, SEN S/N: 20449374)","Temp, °C (LGR S/N: 20449374, SEN S/N: 20449374)","Specific Conductance, μS/cm (LGR S/N: 20449374)","Salinity, ppt (LGR S/N: 20449374)",Coupler Detached (LGR S/N: 20449374),Coupler Attached (LGR S/N: 20449374),Stopped (LGR S/N: 20449374),End Of File (LGR S/N: 20449374)
1,2/25/19 10:11,33041.7,28051.5,8.48,40699.6,26.0186,Logged,,,
2,2/25/19 10:21,33041.7,28062.5,8.5,40694.7,26.0151,,,,
3,2/25/19 10:31,33041.7,28046,8.5,40671,25.9982,,,,
4,2/25/19 10:41,33041.7,28073.6,8.51,40700.3,26.0191,,,,
5,2/25/19 10:51,33041.7,28068.1,8.52,40682,26.0061,,,,
6,2/25/19 11:01,33041.7,28095.7,8.52,40721.7,26.0343,,,,
7,2/25/19 11:11,33041.7,28095.7,8.53,40711.3,26.0269,,,,
8,2/25/19 11:21,33041.7,28112.3,8.55,40714.5,26.0291,,,,
9,2/25/19 11:31,33041.7,28112.3,8.53,40735.2,26.0438,,,,
10,2/25/19 11:41,33041.7,28112.3,8.55,40714.5,26.0291,,,,
11,2/25/19 11:51,33041.7,28126.2,8.53,40755.1,26.058,,,,
12,2/25/19 12:01,33041.7,28095.7,8.55,40690.6,26.0122,,,,
13,2/25/19 12:11,33041.7,28120.6,8.56,40716,26.0303,,,,
14,2/25/19 12:21,33041.7,28117.9,8.56,40712.1,26.0275,,,,
15,2/25/19 12:31,33041.7,28126.2,8.55,40734.4,26.0433,,,,
16,2/25/19 12:41,33041.7,28112.3,8.55,40714.5,26.0291,,,,
17,2/25/19 12:51,33041.7,28126.2,8.56,40724.1,26.036,,,,
18,2/25/19 13:01,33041.7,28109.6,8.56,40700.2,26.019,,,,
19,2/25/19 13:11,33041.7,28134.5,8.55,40746.3,26.0518,,,,
20,2/25/19 13:21,33041.7,28117.9,8.56,40712.1,26.0275,,,,
21,2/25/19 13:31,33041.7,28129,8.56,40728.1,26.0388,,,,
22,2/25/19 13:41,33041.7,28076.4,8.55,40662.9,25.9925,,,,
23,2/25/19 13:51,33041.7,28001.9,8.52,40586.9,25.9386,,,,
24,2/25/19 14:01,33041.7,28023.9,8.52,40618.5,25.961,,,,
25,2/25/19 14:11,33041.7,27996.4,8.51,40589.3,25.9403,,,,
26,2/25/19 14:21,33041.7,27949.7,8.49,40542.9,25.9073,,,,
27,2/25/19 14:31,33041.7,27756.1,8.43,40326.1,25.7534,,,,
28,2/25/19 14:41,32711.7,27538,8.34,40103.9,25.5959,,,,
29,2/25/19 14:51,32371.5,27378.4,8.28,39934.7,25.476,,,,
30,2/25/19 15:01,32126.5,27222.9,8.22,39770.9,25.36,,,,
31,2/25/19 15:11,31938.3,27100.2,8.17,39643.9,25.2701,,,,
32,2/25/19 15:21,31749.2,27019.8,8.14,39557.7,25.2091,,,,
33,2/25/19 15:31,31655.2,27001.6,8.12,39551.6,25.2048,,,,
34,2/25/19 15:41,31563.8,26932,8.1,39470.8,25.1476,,,,
35,2/25/19 15:51,31563.8,26926.9,8.09,39473.5,25.1495,,,,
36,2/25/19 16:01,31563.8,26919.1,8.09,39462.1,25.1415,,,,
37,2/25/19 16:11,31610.6,26939.7,8.1,39481.9,25.1555,,,,
38,2/25/19 16:21,31608.3,26965.5,8.11,39509.3,25.1749,,,,
39,2/25/19 16:31,31749.2,27032.7,8.14,39576.4,25.2224,,,,
40,2/25/19 16:41,31843.6,27092.4,8.18,39622.5,25.2549,,,,
41,2/25/19 16:51,32031,27126.2,8.21,39641,25.2681,,,,
42,2/25/19 17:01,32128.9,27202,8.25,39710.1,25.317,,,,
43,2/25/19 17:11,32176.7,27283.3,8.27,39807.4,25.3858,,,,
44,2/25/19 17:21,32272.7,27338.7,8.31,39846.8,25.4137,,,,
45,2/25/19 17:31,32417.4,27391.6,8.34,39892.6,25.4462,,,,
46,2/25/19 17:41,32516.8,27471.3,8.36,39987.3,25.5132,,,,
47,2/25/19 17:51,32616.5,27476.6,8.37,39984.7,25.5114,,,,
48,2/25/19 18:01,32616.5,27532.7,8.41,40024.8,25.5398,,,,
49,2/25/19 18:11,32662.9,27532.7,8.41,40024.8,25.5398,,,,
50,2/25/19 18:21,32714.2,27559.4,8.42,40053.1,25.5598,,,,
51,2/25/19 18:31,32763.2,27559.4,8.43,40042.9,25.5526,,,,
52,2/25/19 18:41,32814.7,27615.8,8.44,40113.8,25.6029,,,,
53,2/25/19 18:51,32863.9,27642.7,8.45,40142.3,25.6231,,,,
54,2/25/19 19:01,32913.1,27642.7,8.47,40121.9,25.6086,,,,
55,2/25/19 19:11,33019.4,27693.9,8.47,40195.6,25.6609,,,,
56,2/25/19 19:21,33014.4,27745.3,8.48,40259.2,25.706,,,,
57,2/25/19 19:31,33041.7,27758.8,8.49,40268.4,25.7125,,,,
58,2/25/19 19:41,33041.7,27748,8.49,40252.9,25.7015,,,,
59,2/25/19 19:51,33041.7,27791.4,8.49,40315.3,25.7458,,,,
60,2/25/19 20:01,33041.7,27794.1,8.49,40319.2,25.7485,,,,
61,2/25/19 20:11,33041.7,27813.1,8.49,40346.5,25.7679,,,,
62,2/25/19 20:21,33041.7,27813.1,8.49,40346.5,25.7679,,,,
63,2/25/19 20:31,33041.7,27851.2,8.5,40391,25.7995,,,,
64,2/25/19 20:41,33041.7,27843.1,8.51,40369.1,25.7839,,,,
65,2/25/19 20:51,33041.7,27886.7,8.51,40431.7,25.8284,,,,
66,2/25/19 21:01,33041.7,27892.2,8.52,40429.3,25.8267,,,,
67,2/25/19 21:11,33041.7,27927.8,8.53,40470.2,25.8557,,,,
68,2/25/19 21:21,33041.7,27957.9,8.53,40513.4,25.8864,,,,
69,2/25/19 21:31,33041.7,27971.7,8.55,40512.6,25.8858,,,,
70,2/25/19 21:41,33041.7,27988.1,8.56,40525.9,25.8952,,,,
71,2/25/19 21:51,33041.7,28001.9,8.57,40535.4,25.902,,,,
72,2/25/19 22:01,33041.7,28029.4,8.57,40574.8,25.93,,,,
73,2/25/19 22:11,33041.7,28054.3,8.57,40610.6,25.9553,,,,
74,2/25/19 22:21,33041.7,28037.7,8.58,40576.4,25.9311,,,,
75,2/25/19 22:31,33041.7,28081.9,8.58,40639.8,25.9761,,,,
76,2/25/19 22:41,33041.7,28070.8,8.59,40613.6,25.9575,,,,
77,2/25/19 22:51,33041.7,28073.6,8.58,40627.9,25.9677,,,,
78,2/25/19 23:01,33041.7,28087.4,8.59,40637.4,25.9744,,,,
79,2/25/19 23:11,33041.7,28104,8.59,40661.2,25.9913,,,,
80,2/25/19 23:21,33041.7,28087.4,8.59,40637.4,25.9744,,,,
81,2/25/19 23:31,33041.7,28131.7,8.59,40700.9,26.0195,,,,
82,2/25/19 23:41,33041.7,28126.2,8.6,40682.7,26.0066,,,,
83,2/25/19 23:51,33041.7,28148.4,8.6,40714.5,26.0292,,,,
84,2/26/19 0:01,33041.7,28148.4,8.6,40714.5,26.0292,,,,
85,2/26/19 0:11,33041.7,28134.5,8.6,40694.6,26.015,,,,
86,2/26/19 0:21,33041.7,28162.3,8.6,40734.5,26.0434,,,,
87,2/26/19 0:31,33041.7,28162.3,8.6,40734.5,26.0434,,,,
88,2/26/19 0:41,33041.7,28153.9,8.63,40691.4,26.0128,,,,
89,2/26/19 0:51,33041.7,28162.3,8.62,40713.8,26.0287,,,,
90,2/26/19 1:01,33041.7,28176.2,8.6,40754.4,26.0575,,,,
91,2/26/19 1:11,33041.7,28176.2,8.62,40733.7,26.0428,,,,
92,2/26/19 1:21,33041.7,28184.5,8.62,40745.6,26.0513,,,,
93,2/26/19 1:31,33041.7,28192.9,8.62,40757.6,26.0598,,,,
94,2/26/19 1:41,33041.7,28192.9,8.62,40757.6,26.0598,,,,
95,2/26/19 1:51,33041.7,28184.5,8.62,40745.6,26.0513,,,,
96,2/26/19 2:01,33041.7,28176.2,8.62,40733.7,26.0428,,,,
97,2/26/19 2:11,33041.7,28170.6,8.6,40746.4,26.0518,,,,
98,2/26/19 2:21,33041.7,28184.5,8.6,40766.3,26.066,,,,
99,2/26/19 2:31,33041.7,28046,8.56,40609,25.9542,,,,
100,2/26/19 2:41,33041.7,27873.1,8.48,40443,25.8364,,,,
101,2/26/19 2:51,32863.9,27642.7,8.39,40203.7,25.6667,,,,
102,2/26/19 3:01,32565.4,27460.7,8.31,40023,25.5385,,,,
103,2/26/19 3:11,32272.7,27317.6,8.24,39887.6,25.4426,,,,
104,2/26/19 3:21,32083.5,27186.3,8.18,39758.5,25.3512,,,,
105,2/26/19 3:31,31938.3,27121,8.12,39724.9,25.3274,,,,
106,2/26/19 3:41,31751.5,27040.5,8.1,39628.3,25.2591,,,,
107,2/26/19 3:51,31704.5,26999.1,8.09,39578.3,25.2237,,,,
108,2/26/19 4:01,31655.2,26993.9,8.06,39601.2,25.2399,,,,
109,2/26/19 4:11,31655.2,26960.3,8.05,39562.5,25.2125,,,,
110,2/26/19 4:21,31608.3,26944.9,8.06,39530,25.1895,,,,
111,2/26/19 4:31,31657.5,26960.3,8.06,39552.4,25.2054,,,,
112,2/26/19 4:41,31657.5,26993.9,8.08,39580.9,25.2256,,,,
113,2/26/19 4:51,31702.1,27019.8,8.09,39608.4,25.245,,,,
114,2/26/19 5:01,31749.2,27027.5,8.09,39619.6,25.2529,,,,
115,2/26/19 5:11,31796.3,27082,8.11,39678.4,25.2945,,,,
116,2/26/19 5:21,31935.9,27100.2,8.13,39684.5,25.2988,,,,
117,2/26/19 5:31,32033.4,27181,8.16,39771.2,25.3602,,,,
118,2/26/19 5:41,32128.9,27243.9,8.2,39821.6,25.3959,,,,
119,2/26/19 5:51,32224.7,27296.5,8.22,39877.4,25.4354,,,,
120,2/26/19 6:01,32323.3,27336.1,8.26,39893.9,25.4471,,,,
121,2/26/19 6:11,32419.8,27394.3,8.28,39957.7,25.4923,,,,
122,2/26/19 6:21,32516.8,27434.1,8.29,40005,25.5258,,,,
123,2/26/19 6:31,32616.5,27468.6,8.32,40024.2,25.5394,,,,
124,2/26/19 6:41,32616.5,27516.6,8.34,40073.1,25.574,,,,
125,2/26/19 6:51,32763.2,27559.4,8.36,40114.4,25.6033,,,,
126,2/26/19 7:01,32868.8,27610.4,8.39,40157.2,25.6337,,,,
127,2/26/19 7:11,32913.1,27666.9,8.41,40218.1,25.6769,,,,
128,2/26/19 7:21,32965,27680.4,8.42,40227.3,25.6834,,,,
129,2/26/19 7:31,33041.7,27750.7,8.45,40297.8,25.7333,,,,
130,2/26/19 7:41,33041.7,27777.8,8.45,40336.8,25.761,,,,
131,2/26/19 7:51,33041.7,27829.4,8.48,40380.2,25.7918,,,,
132,2/26/19 8:01,33041.7,27900.4,8.5,40461.7,25.8497,,,,
133,2/26/19 8:11,33041.7,27916.8,8.5,40485.3,25.8664,,,,
134,2/26/19 8:21,33041.7,27949.7,8.51,40522.2,25.8926,,,,
135,2/26/19 8:31,33041.7,27979.9,8.52,40555.3,25.9161,,,,
136,2/26/19 8:41,33041.7,28040.5,8.53,40632,25.9706,,,,
137,2/26/19 8:51,33041.7,28037.7,8.53,40628,25.9677,,,,
138,2/26/19 9:01,33041.7,28073.6,8.55,40658.9,25.9897,,,,
139,2/26/19 9:11,33041.7,28059.8,8.56,40628.8,25.9683,,,,
140,2/26/19 9:21,33041.7,28095.7,8.57,40670,25.9975,,,,
141,2/26/19 9:31,33041.7,28112.3,8.58,40683.4,26.0071,,,,
142,2/26/19 9:41,33041.7,28156.7,8.58,40747.1,26.0523,,,,
143,2/26/19 9:51,33041.7,28126.2,8.58,40703.4,26.0213,,,,
144,2/26/19 10:01,33041.7,28140.1,8.58,40723.3,26.0354,,,,
145,2/26/19 10:11,33041.7,28140.1,8.6,40702.6,26.0207,,,,
146,2/26/19 10:21,33041.7,28140.1,8.6,40702.6,26.0207,,,,
147,2/26/19 10:31,33041.7,28170.6,8.63,40715.3,26.0298,,,,
148,2/26/19 10:41,33041.7,28162.3,8.63,40703.5,26.0213,,,,
149,2/26/19 10:51,33041.7,28184.5,8.64,40724.9,26.0366,,,,
150,2/26/19 11:01,33041.7,28176.2,8.65,40702.7,26.0208,,,,
151,2/26/19 11:11,33041.7,28212.4,8.66,40744.2,26.0503,,,,
152,2/26/19 11:21,33041.7,28220.7,8.66,40756.1,26.0587,,,,
153,2/26/19 11:31,33041.7,28198.4,8.66,40724.2,26.036,,,,
154,2/26/19 11:41,33041.7,28212.4,8.68,40723.5,26.0356,,,,
155,2/26/19 11:51,33041.7,28220.7,8.68,40735.4,26.044,,,,
156,2/26/19 12:01,33041.7,28212.4,8.68,40723.5,26.0356,,,,
157,2/26/19 12:11,33041.7,28229.1,8.7,40726.8,26.0379,,,,
158,2/26/19 12:21,33041.7,28265.4,8.71,40768.3,26.0674,,,,
159,2/26/19 12:31,33041.7,28240.2,8.71,40732.3,26.0418,,,,
160,2/26/19 12:41,33041.7,28234.7,8.71,40724.5,26.0362,,,,
161,2/26/19 12:51,33041.7,28257,8.72,40746,26.0516,,,,
162,2/26/19 13:01,33041.7,28248.6,8.73,40723.7,26.0357,,,,
163,2/26/19 13:11,33041.7,28234.7,8.74,40693.5,26.0143,,,,
164,2/26/19 13:21,33041.7,28265.4,8.74,40737.4,26.0454,,,,
165,2/26/19 13:31,33041.7,28257,8.74,40725.4,26.0369,,,,
166,2/26/19 13:41,33041.7,28282.2,8.74,40761.4,26.0625,,,,
167,2/26/19 13:51,33041.7,28234.7,8.74,40693.5,26.0143,,,,
168,2/26/19 14:01,33041.7,28234.7,8.74,40693.5,26.0143,,,,
169,2/26/19 14:11,33041.7,28190.1,8.72,40650.4,25.9836,,,,
170,2/26/19 14:21,33041.7,28059.8,8.66,40525.8,25.8951,,,,
171,2/26/19 14:31,33041.7,27908.6,8.6,40370.7,25.7851,,,,
172,2/26/19 14:41,33041.7,27791.4,8.55,40253.8,25.7022,,,,
173,2/26/19 14:51,32913.1,27642.7,8.47,40121.9,25.6086,,,,
174,2/26/19 15:01,32565.4,27482,8.4,39961.9,25.4953,,,,
175,2/26/19 15:11,32417.4,27378.4,8.34,39873.6,25.4327,,,,
176,2/26/19 15:21,32224.7,27270.2,8.28,39778.3,25.3652,,,,
177,2/26/19 15:31,32033.4,27175.8,8.25,39672.2,25.2902,,,,
178,2/26/19 15:41,31935.9,27134,8.22,39642.2,25.2689,,,,
179,2/26/19 15:51,31843.6,27092.4,8.2,39602.2,25.2406,,,,
180,2/26/19 16:01,31796.3,27053.4,8.2,39545.7,25.2006,,,,
181,2/26/19 16:11,31749.2,27045.7,8.18,39554.8,25.207,,,,
182,2/26/19 16:21,31796.3,27074.2,8.18,39596.1,25.2363,,,,
183,2/26/19 16:31,31843.6,27087.2,8.21,39584.5,25.2281,,,,
184,2/26/19 16:41,31938.3,27121,8.24,39603.1,25.2412,,,,
185,2/26/19 16:51,32083.5,27194.1,8.26,39688.6,25.3017,,,,
186,2/26/19 17:01,32176.7,27270.2,8.31,39747.8,25.3437,,,,
187,2/26/19 17:11,32270.3,27330.8,8.35,39794.7,25.3769,,,,
188,2/26/19 17:21,32468.3,27420.8,8.4,39873.7,25.4328,,,,
189,2/26/19 17:31,32565.4,27490,8.43,39942.9,25.4818,,,,
190,2/26/19 17:41,32763.2,27559.4,8.47,40002.1,25.5237,,,,
191,2/26/19 17:51,32812.2,27594.3,8.51,40011.5,25.5304,,,,
192,2/26/19 18:01,32962.5,27664.2,8.52,40101.8,25.5944,,,,
193,2/26/19 18:11,33014.4,27734.4,8.55,40172,25.6441,,,,
194,2/26/19 18:21,33041.7,27748,8.57,40171.1,25.6435,,,,
195,2/26/19 18:31,33041.7,27826.7,8.59,40263.5,25.7091,,,,
196,2/26/19 18:41,33041.7,27864.9,8.62,40287.6,25.7262,,,,
197,2/26/19 18:51,33041.7,27864.9,8.62,40287.6,25.7262,,,,
198,2/26/19 19:01,33041.7,27922.3,8.63,40359.6,25.7772,,,,
199,2/26/19 19:11,33041.7,27919.5,8.63,40355.6,25.7744,,,,
200,2/26/19 19:21,33041.7,27949.7,8.63,40398.9,25.8051,,,,
201,2/26/19 19:31,33041.7,27957.9,8.62,40420.9,25.8207,,,,
202,2/26/19 19:41,33041.7,27963.4,8.63,40418.5,25.819,,,,
203,2/26/19 19:51,33041.7,27999.1,8.62,40479.9,25.8626,,,,
204,2/26/19 20:01,33041.7,28007.4,8.62,40491.8,25.871,,,,
205,2/26/19 20:11,33041.7,28015.7,8.62,40503.7,25.8795,,,,
206,2/26/19 20:21,33041.7,28051.5,8.6,40575.6,25.9305,,,,
207,2/26/19 20:31,33041.7,27990.9,8.6,40488.7,25.8689,,,,
208,2/26/19 20:41,33041.7,28046,8.59,40578,25.9322,,,,
209,2/26/19 20:51,33041.7,28015.7,8.59,40534.6,25.9014,,,,
210,2/26/19 21:01,33041.7,28021.2,8.58,40552.8,25.9143,,,,
211,2/26/19 21:11,33041.7,28029.4,8.58,40564.5,25.9227,,,,
212,2/26/19 21:21,33041.7,28046,8.57,40598.7,25.9469,,,,
213,2/26/19 21:31,33041.7,28059.8,8.56,40628.8,25.9683,,,,
214,2/26/19 21:41,33041.7,28068.1,8.56,40640.7,25.9767,,,,
215,2/26/19 21:51,33041.7,28059.8,8.56,40628.8,25.9683,,,,
216,2/26/19 22:01,33041.7,28065.3,8.55,40647,25.9812,,,,
217,2/26/19 22:11,33041.7,28090.2,8.55,40682.7,26.0066,,,,
218,2/26/19 22:21,33041.7,28073.6,8.53,40679.6,26.0044,,,,
219,2/26/19 22:31,33041.7,28095.7,8.55,40690.6,26.0122,,,,
220,2/26/19 22:41,33041.7,28098.5,8.53,40715.3,26.0298,,,,
221,2/26/19 22:51,33041.7,28095.7,8.52,40721.7,26.0343,,,,
222,2/26/19 23:01,33041.7,28112.3,8.51,40755.9,26.0586,,,,
223,2/26/19 23:11,33041.7,28104,8.51,40743.9,26.0501,,,,
224,2/26/19 23:21,33041.7,28095.7,8.51,40732,26.0416,,,,
225,2/26/19 23:31,33041.7,28104,8.5,40754.3,26.0575,,,,
226,2/26/19 23:41,33041.7,28104,8.51,40743.9,26.0501,,,,
227,2/26/19 23:51,33041.7,28117.9,8.5,40774.3,26.0716,,,,
228,2/27/19 0:01,33041.7,28112.3,8.5,40766.2,26.0659,,,,
229,2/27/19 0:11,33041.7,28126.2,8.5,40786.2,26.0801,,,,
230,2/27/19 0:21,33041.7,28117.9,8.5,40774.3,26.0716,,,,
231,2/27/19 0:31,33041.7,28134.5,8.49,40808.5,26.096,,,,
232,2/27/19 0:41,33041.7,28112.3,8.5,40766.2,26.0659,,,,
233,2/27/19 0:51,33041.7,28104,8.5,40754.3,26.0575,,,,
234,2/27/19 1:01,33041.7,28126.2,8.5,40786.2,26.0801,,,,
235,2/27/19 1:11,33041.7,28140.1,8.5,40806.2,26.0943,,,,
236,2/27/19 1:21,33041.7,28117.9,8.51,40763.9,26.0643,,,,
237,2/27/19 1:31,33041.7,28140.1,8.5,40806.2,26.0943,,,,
238,2/27/19 1:41,33041.7,28140.1,8.51,40795.8,26.0869,,,,
239,2/27/19 1:51,33041.7,28131.7,8.51,40783.7,26.0784,,,,
240,2/27/19 2:01,33041.7,28156.7,8.52,40809.3,26.0965,,,,
241,2/27/19 2:11,33041.7,28162.3,8.52,40817.3,26.1022,,,,
242,2/27/19 2:21,33041.7,28162.3,8.53,40807,26.0949,,,,
243,2/27/19 2:31,33041.7,28165,8.53,40810.8,26.0976,,,,
244,2/27/19 2:41,33041.7,28140.1,8.53,40775.1,26.0722,,,,
245,2/27/19 2:51,33041.7,28131.7,8.53,40763,26.0636,,,,
246,2/27/19 3:01,33041.7,28104,8.53,40723.2,26.0354,,,,
247,2/27/19 3:11,33041.7,28081.9,8.55,40670.8,25.9981,,,,
248,2/27/19 3:21,33041.7,27999.1,8.53,40572.6,25.9284,,,,
249,2/27/19 3:31,33041.7,27985.4,8.52,40563.2,25.9217,,,,
250,2/27/19 3:41,33041.7,28001.9,8.51,40597.2,25.9459,,,,
251,2/27/19 3:51,33041.7,27979.9,8.5,40576,25.9308,,,,
252,2/27/19 4:01,33041.7,27966.2,8.5,40556.3,25.9168,,,,
253,2/27/19 4:11,33041.7,28001.9,8.5,40607.6,25.9532,,,,
254,2/27/19 4:21,33041.7,28007.4,8.51,40605.1,25.9515,,,,
255,2/27/19 4:31,33041.7,28037.7,8.5,40659,25.9898,,,,
256,2/27/19 4:41,33041.7,28076.4,8.5,40714.6,26.0293,,,,
257,2/27/19 4:51,33041.7,28081.9,8.49,40732.9,26.0422,,,,
258,2/27/19 5:01,33041.7,28087.4,8.5,40730.4,26.0405,,,,
259,2/27/19 5:11,33041.7,28112.3,8.5,40766.2,26.0659,,,,
260,2/27/19 5:21,33041.7,28112.3,8.49,40776.6,26.0733,,,,
261,2/27/19 5:31,33041.7,28134.5,8.5,40798.1,26.0886,,,,
262,2/27/19 5:41,33041.7,28134.5,8.51,40787.8,26.0812,,,,
263,2/27/19 5:51,33041.7,28140.1,8.5,40806.2,26.0943,,,,
264,2/27/19 6:01,33041.7,28148.4,8.5,40818.1,26.1028,,,,
265,2/27/19 6:11,33041.7,28187.3,8.5,40874,26.1425,,,,
266,2/27/19 6:21,33041.7,28178.9,8.5,40861.9,26.1339,,,,
267,2/27/19 6:31,33041.7,28176.2,8.51,40847.7,26.1238,,,,
268,2/27/19 6:41,33041.7,28170.6,8.5,40850,26.1255,,,,
269,2/27/19 6:51,33041.7,28192.9,8.51,40871.7,26.1409,,,,
270,2/27/19 7:01,33041.7,28187.3,8.51,40863.6,26.1351,,,,
271,2/27/19 7:11,33041.7,28192.9,8.5,40882.1,26.1483,,,,
272,2/27/19 7:21,33041.7,28184.5,8.51,40859.6,26.1323,,,,
273,2/27/19 7:31,33041.7,28170.6,8.51,40839.6,26.1181,,,,
274,2/27/19 7:41,33041.7,28170.6,8.5,40850,26.1255,,,,
275,2/27/19 7:51,33041.7,28162.3,8.5,40838.1,26.117,,,,
276,2/27/19 8:01,33041.7,28148.4,8.5,40818.1,26.1028,,,,
277,2/27/19 8:11,33041.7,28156.7,8.51,40819.7,26.1039,,,,
278,2/27/19 8:21,33041.7,28140.1,8.52,40785.4,26.0796,,,,
279,2/27/19 8:31,33041.7,28140.1,8.5,40806.2,26.0943,,,,
280,2/27/19 8:41,33041.7,28156.7,8.51,40819.7,26.1039,,,,
281,2/27/19 8:51,33041.7,28131.7,8.52,40773.4,26.071,,,,
282,2/27/19 9:01,33041.7,28126.2,8.52,40765.5,26.0654,,,,
283,2/27/19 9:11,33041.7,28131.7,8.52,40773.4,26.071,,,,
284,2/27/19 9:21,33041.7,28134.5,8.53,40767,26.0665,,,,
285,2/27/19 9:31,33041.7,28140.1,8.55,40754.4,26.0575,,,,
286,2/27/19 9:41,33041.7,28140.1,8.56,40744,26.0501,,,,
287,2/27/19 9:51,33041.7,28126.2,8.57,40713.7,26.0286,,,,
288,2/27/19 10:01,33041.7,28123.4,8.58,40699.4,26.0184,,,,
289,2/27/19 10:11,33041.7,28153.9,8.59,40732.8,26.0421,,,,
290,2/27/19 10:21,33041.7,28162.3,8.59,40744.8,26.0507,,,,
291,2/27/19 10:31,33041.7,28153.9,8.62,40701.7,26.0201,,,,
292,2/27/19 10:41,33041.7,28148.4,8.62,40693.9,26.0145,,,,
293,2/27/19 10:51,33041.7,28162.3,8.63,40703.5,26.0213,,,,
294,2/27/19 11:01,33041.7,28184.5,8.63,40735.3,26.0439,,,,
295,2/27/19 11:11,33041.7,28192.9,8.64,40736.9,26.0451,,,,
296,2/27/19 11:21,33041.7,28173.4,8.65,40698.7,26.0179,,,,
297,2/27/19 11:31,33041.7,28198.4,8.65,40734.5,26.0434,,,,
298,2/27/19 11:41,33041.7,28198.4,8.67,40713.8,26.0287,,,,
299,2/27/19 11:51,33041.7,28204,8.67,40721.8,26.0344,,,,
300,2/27/19 12:01,33041.7,28204,8.68,40711.5,26.0271,,,,
301,2/27/19 12:11,33041.7,28209.6,8.7,40698.9,26.0181,,,,
302,2/27/19 12:21,33041.7,28217.9,8.7,40710.8,26.0265,,,,
303,2/27/19 12:31,33041.7,28257,8.71,40756.3,26.0589,,,,
304,2/27/19 12:41,33041.7,28271,8.71,40776.4,26.0731,,,,
305,2/27/19 12:51,33041.7,28226.3,8.72,40702.1,26.0204,,,,
306,2/27/19 13:01,33041.7,28271,8.72,40766,26.0658,,,,
307,2/27/19 13:11,33041.7,28257,8.73,40735.7,26.0442,,,,
308,2/27/19 13:21,33041.7,28240.2,8.74,40701.4,26.0198,,,,
309,2/27/19 13:31,33041.7,28271,8.74,40745.4,26.0511,,,,
310,2/27/19 13:41,33041.7,28271,8.75,40735.1,26.0438,,,,
311,2/27/19 13:51,33041.7,28262.6,8.75,40723.1,26.0353,,,,
312,2/27/19 14:01,33041.7,28276.6,8.75,40743.1,26.0495,,,,
313,2/27/19 14:11,33041.7,28293.4,8.75,40767,26.0665,,,,
314,2/27/19 14:21,33041.7,28276.6,8.76,40732.7,26.0421,,,,
315,2/27/19 14:31,33041.7,28276.6,8.76,40732.7,26.0421,,,,
316,2/27/19 14:41,33041.7,28285,8.76,40744.7,26.0506,,,,
317,2/27/19 14:51,33041.7,28240.2,8.76,40680.8,26.0052,,,,
318,2/27/19 15:01,33041.7,28248.6,8.76,40692.8,26.0137,,,,
319,2/27/19 15:11,33041.7,28285,8.76,40744.7,26.0506,,,,
320,2/27/19 15:21,33041.7,28285,8.75,40755,26.058,,,,
321,2/27/19 15:31,33041.7,28240.2,8.75,40691.1,26.0125,,,,
322,2/27/19 15:41,33041.7,28257,8.76,40704.7,26.0222,,,,
323,2/27/19 15:51,33041.7,28226.3,8.76,40660.9,25.9911,,,,
324,2/27/19 16:01,33041.7,28204,8.76,40629.1,25.9685,,,,
325,2/27/19 16:11,33041.7,28234.7,8.76,40672.9,25.9996,,,,
326,2/27/19 16:21,33041.7,28243,8.78,40664.2,25.9934,,,,
327,2/27/19 16:31,33041.7,28204,8.76,40629.1,25.9685,,,,
328,2/27/19 16:41,33041.7,28217.9,8.78,40628.3,25.968,,,,
329,2/27/19 16:51,33041.7,28204,8.78,40608.5,25.9539,,,,
330,2/27/19 17:01,33041.7,28212.4,8.78,40620.5,25.9624,,,,
331,2/27/19 17:11,33041.7,28173.4,8.78,40564.8,25.9229,,,,
332,2/27/19 17:21,33041.7,28167.8,8.78,40556.8,25.9172,,,,
333,2/27/19 17:31,33041.7,28151.2,8.76,40553.7,25.915,,,,
334,2/27/19 17:41,33041.7,28123.4,8.76,40514,25.8868,,,,
335,2/27/19 17:51,33041.7,28079.1,8.75,40461,25.8491,,,,
336,2/27/19 18:01,33041.7,28073.6,8.73,40473.6,25.8581,,,,
337,2/27/19 18:11,33041.7,28051.5,8.73,40442,25.8357,,,,
338,2/27/19 18:21,33041.7,28004.6,8.73,40375,25.7881,,,,
339,2/27/19 18:31,33041.7,28026.7,8.74,40396.4,25.8033,,,,
340,2/27/19 18:41,33041.7,28007.4,8.75,40358.6,25.7765,,,,
341,2/27/19 18:51,33041.7,28021.2,8.75,40378.3,25.7905,,,,
342,2/27/19 19:01,33041.7,28043.2,8.76,40399.5,25.8055,,,,
343,2/27/19 19:11,33041.7,28048.7,8.76,40407.3,25.8111,,,,
344,2/27/19 19:21,33041.7,28048.7,8.78,40386.9,25.7965,,,,
345,2/27/19 19:31,33041.7,28054.3,8.78,40394.8,25.8022,,,,
346,2/27/19 19:41,33041.7,28068.1,8.79,40404.3,25.8089,,,,
347,2/27/19 19:51,33041.7,28084.6,8.79,40427.9,25.8256,,,,
348,2/27/19 20:01,33041.7,28079.1,8.79,40420,25.8201,,,,
349,2/27/19 20:11,33041.7,28101.3,8.79,40451.7,25.8426,,,,
350,2/27/19 20:21,33041.7,28115.1,8.79,40471.4,25.8565,,,,
351,2/27/19 20:31,33041.7,28115.1,8.79,40471.4,25.8565,,,,
352,2/27/19 20:41,33041.7,28123.4,8.79,40483.2,25.8649,,,,
353,2/27/19 20:51,33041.7,28137.3,8.8,40492.8,25.8717,,,,
354,2/27/19 21:01,33041.7,28167.8,8.8,40536.3,25.9026,,,,
355,2/27/19 21:11,33041.7,28173.4,8.8,40544.3,25.9083,,,,
356,2/27/19 21:21,33041.7,28151.2,8.8,40512.6,25.8858,,,,
357,2/27/19 21:31,33041.7,28198.4,8.8,40580,25.9336,,,,
358,2/27/19 21:41,33041.7,28204,8.8,40588,25.9393,,,,
359,2/27/19 21:51,33041.7,28181.7,8.79,40566.4,25.924,,,,
360,2/27/19 22:01,33041.7,28195.6,8.79,40586.2,25.9381,,,,
361,2/27/19 22:11,33041.7,28212.4,8.79,40610.2,25.9551,,,,
362,2/27/19 22:21,33041.7,28178.9,8.79,40562.4,25.9212,,,,
363,2/27/19 22:31,33041.7,28240.2,8.78,40660.2,25.9906,,,,
364,2/27/19 22:41,33041.7,28226.3,8.79,40630,25.9692,,,,
365,2/27/19 22:51,33041.7,28226.3,8.76,40660.9,25.9911,,,,
366,2/27/19 23:01,33041.7,28234.7,8.76,40672.9,25.9996,,,,
367,2/27/19 23:11,33041.7,28226.3,8.75,40671.2,25.9984,,,,
368,2/27/19 23:21,33041.7,28240.2,8.75,40691.1,26.0125,,,,
369,2/27/19 23:31,33041.7,28234.7,8.74,40693.5,26.0143,,,,
370,2/27/19 23:41,33041.7,28226.3,8.73,40691.8,26.0131,,,,
371,2/27/19 23:51,33041.7,28243,8.72,40726,26.0373,,,,
372,2/28/19 0:01,33041.7,28234.7,8.71,40724.5,26.0362,,,,
373,2/28/19 0:11,33041.7,28226.3,8.7,40722.8,26.035,,,,
374,2/28/19 0:21,33041.7,28217.9,8.7,40710.8,26.0265,,,,
375,2/28/19 0:31,33041.7,28248.6,8.67,40785.7,26.0797,,,,
376,2/28/19 0:41,33041.7,28217.9,8.67,40741.7,26.0485,,,,
377,2/28/19 0:51,33041.7,28220.7,8.66,40756.1,26.0587,,,,
378,2/28/19 1:01,33041.7,28220.7,8.65,40766.4,26.0661,,,,
379,2/28/19 1:11,33041.7,28220.7,8.65,40766.4,26.0661,,,,
380,2/28/19 1:21,33041.7,28234.7,8.64,40796.8,26.0877,,,,
381,2/28/19 1:31,33041.7,28212.4,8.64,40764.9,26.065,,,,
382,2/28/19 1:41,33041.7,28204,8.64,40752.8,26.0564,,,,
383,2/28/19 1:51,33041.7,28220.7,8.64,40776.8,26.0734,,,,
384,2/28/19 2:01,33041.7,28184.5,8.63,40735.3,26.0439,,,,
385,2/28/19 2:11,33041.7,28220.7,8.62,40797.5,26.0881,,,,
386,2/28/19 2:21,33041.7,28195.6,8.6,40782.2,26.0773,,,,
387,2/28/19 2:31,33041.7,28220.7,8.6,40818.2,26.1028,,,,
388,2/28/19 2:41,33041.7,28220.7,8.6,40818.2,26.1028,,,,
389,2/28/19 2:51,33041.7,28195.6,8.59,40792.5,26.0846,,,,
390,2/28/19 3:01,33041.7,28212.4,8.59,40816.6,26.1017,,,,
391,2/28/19 3:11,33041.7,28190.1,8.59,40784.7,26.079,,,,
392,2/28/19 3:21,33041.7,28198.4,8.59,40796.6,26.0875,,,,
393,2/28/19 3:31,33041.7,28206.8,8.59,40808.6,26.096,,,,
394,2/28/19 3:41,33041.7,28206.8,8.59,40808.6,26.096,,,,
395,2/28/19 3:51,33041.7,28198.4,8.59,40796.6,26.0875,,,,
396,2/28/19 4:01,33041.7,28176.2,8.59,40764.7,26.0649,,,,
397,2/28/19 4:11,33041.7,28198.4,8.59,40796.6,26.0875,,,,
398,2/28/19 4:21,33041.7,28204,8.58,40815,26.1006,,,,
399,2/28/19 4:31,33041.7,28198.4,8.58,40806.9,26.0948,,,,
400,2/28/19 4:41,33041.7,28198.4,8.57,40817.3,26.1022,,,,
401,2/28/19 4:51,33041.7,28190.1,8.56,40815.8,26.1011,,,,
402,2/28/19 5:01,33041.7,28176.2,8.56,40795.8,26.0869,,,,
403,2/28/19 5:11,33041.7,28167.8,8.56,40783.8,26.0784,,,,
404,2/28/19 5:21,33041.7,28198.4,8.55,40838,26.117,,,,
405,2/28/19 5:31,33041.7,28198.4,8.55,40838,26.117,,,,
406,2/28/19 5:41,33041.7,28190.1,8.53,40846.9,26.1232,,,,
407,2/28/19 5:51,33041.7,28192.9,8.53,40850.9,26.1261,,,,
408,2/28/19 6:01,33041.7,28170.6,8.52,40829.2,26.1107,,,,
409,2/28/19 6:11,33041.7,28192.9,8.52,40861.3,26.1335,,,,
410,2/28/19 6:21,33041.7,28173.4,8.51,40843.7,26.1209,,,,
411,2/28/19 6:31,33041.7,28178.9,8.51,40851.6,26.1266,,,,
412,2/28/19 6:41,33041.7,28184.5,8.5,40870,26.1397,,,,
413,2/28/19 6:51,33041.7,28192.9,8.5,40882.1,26.1483,,,,
414,2/28/19 7:01,33041.7,28140.1,8.49,40816.6,26.1017,,,,
415,2/28/19 7:11,33041.7,28148.4,8.5,40818.1,26.1028,,,,
416,2/28/19 7:21,33041.7,28170.6,8.5,40850,26.1255,,,,
417,2/28/19 7:31,33041.7,28184.5,8.49,40880.4,26.1471,,,,
418,2/28/19 7:41,33041.7,28170.6,8.49,40860.4,26.1329,,,,
419,2/28/19 7:51,33041.7,28134.5,8.49,40808.5,26.096,,,,
420,2/28/19 8:01,33041.7,28153.9,8.48,40846.8,26.1232,,,,
421,2/28/19 8:11,33041.7,28156.7,8.48,40850.8,26.126,,,,
422,2/28/19 8:21,33041.7,28170.6,8.49,40860.4,26.1329,,,,
423,2/28/19 8:31,33041.7,28153.9,8.5,40826,26.1084,,,,
424,2/28/19 8:41,33041.7,28148.4,8.5,40818.1,26.1028,,,,
425,2/28/19 8:51,33041.7,28156.7,8.51,40819.7,26.1039,,,,
426,2/28/19 9:01,33041.7,28137.3,8.52,40781.4,26.0767,,,,
427,2/28/19 9:11,33041.7,28170.6,8.55,40798.1,26.0886,,,,
428,2/28/19 9:21,33041.7,28167.8,8.56,40783.8,26.0784,,,,
429,2/28/19 9:31,33041.7,28184.5,8.59,40776.6,26.0733,,,,
430,2/28/19 9:41,33041.7,28153.9,8.6,40722.4,26.0348,,,,
431,2/28/19 9:51,33041.7,28159.5,8.63,40699.4,26.0185,,,,
432,2/28/19 10:01,33041.7,28167.8,8.64,40701,26.0196,,,,
433,2/28/19 10:11,33041.7,28206.8,8.66,40736.2,26.0446,,,,
434,2/28/19 10:21,33041.7,28187.3,8.68,40687.6,26.0101,,,,
435,2/28/19 10:31,33041.7,28204,8.7,40690.9,26.0124,,,,
436,2/28/19 10:41,33041.7,28212.4,8.71,40692.6,26.0136,,,,
437,2/28/19 10:51,33041.7,28234.7,8.72,40714.1,26.0289,,,,
438,2/28/19 11:01,33041.7,28217.9,8.73,40679.8,26.0045,,,,
439,2/28/19 11:11,33041.7,28226.3,8.74,40681.5,26.0057,,,,
440,2/28/19 11:21,33041.7,28204,8.74,40649.7,25.9831,,,,
441,2/28/19 11:31,33041.7,28257,8.74,40725.4,26.0369,,,,
442,2/28/19 11:41,33041.7,28217.9,8.75,40659.2,25.9899,,,,
443,2/28/19 11:51,33041.7,28226.3,8.76,40660.9,25.9911,,,,
444,2/28/19 12:01,33041.7,28248.6,8.78,40672.2,25.9991,,,,
445,2/28/19 12:11,33041.7,28248.6,8.78,40672.2,25.9991,,,,
446,2/28/19 12:21,33041.7,28262.6,8.8,40671.5,25.9987,,,,
447,2/28/19 12:31,33041.7,28254.2,8.8,40659.6,25.9901,,,,
448,2/28/19 12:41,33041.7,28262.6,8.81,40661.3,25.9913,,,,
449,2/28/19 12:51,33041.7,28262.6,8.82,40651,25.984,,,,
450,2/28/19 13:01,33041.7,28293.4,8.82,40694.9,26.0152,,,,
451,2/28/19 13:11,33041.7,28268.2,8.81,40669.2,25.997,,,,
452,2/28/19 13:21,33041.7,28285,8.81,40693.2,26.014,,,,
453,2/28/19 13:31,33041.7,28259.8,8.82,40647,25.9812,,,,
454,2/28/19 13:41,33041.7,28290.6,8.82,40690.9,26.0124,,,,
455,2/28/19 13:51,33041.7,28293.4,8.82,40694.9,26.0152,,,,
456,2/28/19 14:01,33041.7,28271,8.83,40652.7,25.9852,,,,
457,2/28/19 14:11,33041.7,28293.4,8.83,40684.6,26.0079,,,,
458,2/28/19 14:21,33041.7,28290.6,8.83,40680.6,26.0051,,,,
459,2/28/19 14:31,33041.7,28285,8.83,40672.6,25.9994,,,,
460,2/28/19 14:41,33041.7,28293.4,8.83,40684.6,26.0079,,,,
461,2/28/19 14:51,33041.7,28313,8.83,40712.5,26.0278,,,,
462,2/28/19 15:01,33041.7,28268.2,8.83,40648.7,25.9824,,,,
463,2/28/19 15:11,33041.7,28262.6,8.83,40640.7,25.9767,,,,
464,2/28/19 15:21,33041.7,28315.8,8.82,40726.8,26.0379,,,,
465,2/28/19 15:31,33041.7,28290.6,8.82,40690.9,26.0124,,,,
466,2/28/19 15:41,33041.7,28307.4,8.82,40714.8,26.0294,,,,
467,2/28/19 15:51,33041.7,28307.4,8.82,40714.8,26.0294,,,,
468,2/28/19 16:01,33041.7,28285,8.82,40682.9,26.0067,,,,
469,2/28/19 16:11,33041.7,28324.2,8.82,40738.8,26.0464,,,,
470,2/28/19 16:21,33041.7,28307.4,8.81,40725.1,26.0367,,,,
471,2/28/19 16:31,33041.7,28293.4,8.81,40705.2,26.0225,,,,
472,2/28/19 16:41,33041.7,28290.6,8.81,40701.2,26.0197,,,,
473,2/28/19 16:51,33041.7,28299,8.8,40723.5,26.0355,,,,
474,2/28/19 17:01,33041.7,28285,8.8,40703.5,26.0214,,,,
475,2/28/19 17:11,33041.7,28293.4,8.79,40725.8,26.0372,,,,
476,2/28/19 17:21,33041.7,28276.6,8.79,40701.8,26.0202,,,,
477,2/28/19 17:31,33041.7,28293.4,8.78,40736.1,26.0445,,,,
478,2/28/19 17:41,33041.7,28290.6,8.78,40732.1,26.0417,,,,
479,2/28/19 17:51,33041.7,28276.6,8.76,40732.7,26.0421,,,,
480,2/28/19 18:01,33041.7,28285,8.76,40744.7,26.0506,,,,
481,2/28/19 18:11,33041.7,28285,8.76,40744.7,26.0506,,,,
482,2/28/19 18:21,33041.7,28276.6,8.78,40712.1,26.0275,,,,
483,2/28/19 18:31,33041.7,28276.6,8.79,40701.8,26.0202,,,,
484,2/28/19 18:41,33041.7,28293.4,8.8,40715.5,26.0299,,,,
485,2/28/19 18:51,33041.7,28293.4,8.8,40715.5,26.0299,,,,
486,2/28/19 19:01,33041.7,28299,8.81,40713.2,26.0282,,,,
487,2/28/19 19:11,33041.7,28285,8.81,40693.2,26.014,,,,
488,2/28/19 19:21,33041.7,28293.4,8.81,40705.2,26.0225,,,,
489,2/28/19 19:31,33041.7,28293.4,8.8,40715.5,26.0299,,,,
490,2/28/19 19:41,33041.7,28240.2,8.8,40639.6,25.976,,,,
491,2/28/19 19:51,33041.7,28262.6,8.79,40681.8,26.006,,,,
492,2/28/19 20:01,33041.7,28257,8.79,40673.8,26.0003,,,,
493,2/28/19 20:11,33041.7,28254.2,8.79,40669.9,25.9975,,,,
494,2/28/19 20:21,33041.7,28240.2,8.79,40649.9,25.9833,,,,
495,2/28/19 20:31,33041.7,28245.8,8.79,40657.9,25.9889,,,,
496,2/28/19 20:41,33041.7,28248.6,8.79,40661.9,25.9918,,,,
497,2/28/19 20:51,33041.7,28226.3,8.8,40619.8,25.9619,,,,
498,2/28/19 21:01,33041.7,28248.6,8.81,40641.3,25.9772,,,,
499,2/28/19 21:11,33041.7,28217.9,8.81,40597.5,25.9461,,,,
500,2/28/19 21:21,33041.7,28240.2,8.83,40608.8,25.9541,,,,
501,2/28/19 21:31,33041.7,28245.8,8.83,40616.7,25.9597,,,,
502,2/28/19 21:41,33041.7,28237.5,8.83,40604.9,25.9513,,,,
503,2/28/19 21:51,33041.7,28237.5,8.84,40594.6,25.944,,,,
504,2/28/19 22:01,33041.7,28240.2,8.84,40598.5,25.9468,,,,
505,2/28/19 22:11,33041.7,28262.6,8.84,40630.4,25.9694,,,,
506,2/28/19 22:21,33041.7,28245.8,8.84,40606.5,25.9524,,,,
507,2/28/19 22:31,33041.7,28240.2,8.83,40608.8,25.9541,,,,
508,2/28/19 22:41,33041.7,28248.6,8.83,40620.7,25.9626,,,,
509,2/28/19 22:51,33041.7,28226.3,8.83,40588.9,25.94,,,,
510,2/28/19 23:01,33041.7,28231.9,8.82,40607.2,25.953,,,,
511,2/28/19 23:11,33041.7,28248.6,8.81,40641.3,25.9772,,,,
512,2/28/19 23:21,33041.7,28254.2,8.8,40659.6,25.9901,,,,
513,2/28/19 23:31,33041.7,28226.3,8.79,40630,25.9692,,,,
514,2/28/19 23:41,33041.7,28209.6,8.78,40616.5,25.9596,,,,
515,2/28/19 23:51,33041.7,28215.1,8.76,40644.9,25.9797,,,,
516,3/1/19 0:01,33041.7,28217.9,8.75,40659.2,25.9899,,,,
517,3/1/19 0:11,33041.7,28226.3,8.73,40691.8,26.0131,,,,
518,3/1/19 0:21,33041.7,28223.5,8.73,40687.8,26.0102,,,,
519,3/1/19 0:31,33041.7,28217.9,8.73,40679.8,26.0045,,,,
520,3/1/19 0:41,33041.7,28223.5,8.72,40698.1,26.0175,,,,
521,3/1/19 0:51,33041.7,28217.9,8.72,40690.1,26.0119,,,,
522,3/1/19 1:01,33041.7,28231.9,8.73,40699.8,26.0187,,,,
523,3/1/19 1:11,33041.7,28226.3,8.73,40691.8,26.0131,,,,
524,3/1/19 1:21,33041.7,28248.6,8.74,40713.4,26.0284,,,,
525,3/1/19 1:31,33041.7,28226.3,8.74,40681.5,26.0057,,,,
526,3/1/19 1:41,33041.7,28240.2,8.75,40691.1,26.0125,,,,
527,3/1/19 1:51,33041.7,28248.6,8.74,40713.4,26.0284,,,,
528,3/1/19 2:01,33041.7,28217.9,8.74,40669.5,25.9972,,,,
529,3/1/19 2:11,33041.7,28217.9,8.75,40659.2,25.9899,,,,
530,3/1/19 2:21,33041.7,28209.6,8.74,40657.7,25.9888,,,,
531,3/1/19 2:31,33041.7,28240.2,8.74,40701.4,26.0198,,,,
532,3/1/19 2:41,33041.7,28217.9,8.73,40679.8,26.0045,,,,
533,3/1/19 2:51,33041.7,28240.2,8.72,40722,26.0345,,,,
534,3/1/19 3:01,33041.7,28209.6,8.72,40678.3,26.0034,,,,
535,3/1/19 3:11,33041.7,28240.2,8.71,40732.3,26.0418,,,,
536,3/1/19 3:21,33041.7,28217.9,8.71,40700.4,26.0192,,,,
537,3/1/19 3:31,33041.7,28217.9,8.71,40700.4,26.0192,,,,
538,3/1/19 3:41,33041.7,28187.3,8.7,40667,25.9954,,,,
539,3/1/19 3:51,33041.7,28231.9,8.7,40730.8,26.0407,,,,
540,3/1/19 4:01,33041.7,28209.6,8.71,40688.6,26.0108,,,,
541,3/1/19 4:11,33041.7,28217.9,8.7,40710.8,26.0265,,,,
542,3/1/19 4:21,33041.7,28240.2,8.7,40742.6,26.0492,,,,
543,3/1/19 4:31,33041.7,28204,8.7,40690.9,26.0124,,,,
544,3/1/19 4:41,33041.7,28204,8.7,40690.9,26.0124,,,,
545,3/1/19 4:51,33041.7,28226.3,8.71,40712.5,26.0277,,,,
546,3/1/19 5:01,33041.7,28209.6,8.71,40688.6,26.0108,,,,
547,3/1/19 5:11,33041.7,28217.9,8.72,40690.1,26.0119,,,,
548,3/1/19 5:21,33041.7,28240.2,8.72,40722,26.0345,,,,
549,3/1/19 5:31,33041.7,28231.9,8.72,40710.1,26.0261,,,,
550,3/1/19 5:41,33041.7,28204,8.73,40660,25.9904,,,,
551,3/1/19 5:51,33041.7,28217.9,8.73,40679.8,26.0045,,,,
552,3/1/19 6:01,33041.7,28195.6,8.73,40648,25.9819,,,,
553,3/1/19 6:11,33041.7,28151.2,8.73,40584.5,25.9368,,,,
554,3/1/19 6:21,33041.7,28137.3,8.73,40564.6,25.9227,,,,
555,3/1/19 6:31,33041.7,28106.8,8.73,40521.1,25.8918,,,,
556,3/1/19 6:41,33041.7,28115.1,8.72,40543.2,25.9075,,,,
557,3/1/19 6:51,33041.7,28115.1,8.72,40543.2,25.9075,,,,
558,3/1/19 7:01,33041.7,28048.7,8.72,40448.3,25.8401,,,,
559,3/1/19 7:11,33041.7,28057,8.71,40470.4,25.8558,,,,
560,3/1/19 7:21,33041.7,28018.4,8.68,40446,25.8385,,,,
561,3/1/19 7:31,33041.7,28034.9,8.68,40469.6,25.8553,,,,
562,3/1/19 7:41,33041.7,28018.4,8.67,40456.2,25.8458,,,,
563,3/1/19 7:51,33041.7,28021.2,8.66,40470.5,25.8559,,,,
564,3/1/19 8:01,33041.7,27990.9,8.65,40437.4,25.8324,,,,
565,3/1/19 8:11,33041.7,27982.6,8.64,40435.8,25.8313,,,,
566,3/1/19 8:21,33041.7,27988.1,8.64,40443.6,25.8368,,,,
567,3/1/19 8:31,33041.7,28026.7,8.63,40509.2,25.8834,,,,
568,3/1/19 8:41,33041.7,28026.7,8.62,40519.5,25.8907,,,,
569,3/1/19 8:51,33041.7,28048.7,8.59,40581.9,25.935,,,,
570,3/1/19 9:01,33041.7,28081.9,8.58,40639.8,25.9761,,,,
571,3/1/19 9:11,33041.7,28065.3,8.59,40605.7,25.9519,,,,
572,3/1/19 9:21,33041.7,28087.4,8.59,40637.4,25.9744,,,,
573,3/1/19 9:31,33041.7,28070.8,8.62,40582.7,25.9355,,,,
574,3/1/19 9:41,33041.7,28101.3,8.63,40616.1,25.9593,,,,
575,3/1/19 9:51,33041.7,28092.9,8.66,40573.1,25.9288,,,,
576,3/1/19 10:01,33041.7,28101.3,8.67,40574.9,25.93,,,,
577,3/1/19 10:11,33041.7,28079.1,8.68,40532.8,25.9001,,,,
578,3/1/19 10:21,33041.7,28101.3,8.71,40533.7,25.9008,,,,
579,3/1/19 10:31,33041.7,28129,8.72,40563.1,25.9216,,,,
580,3/1/19 10:41,33041.7,28115.1,8.73,40532.9,25.9002,,,,
581,3/1/19 10:51,33041.7,28137.3,8.74,40554.4,25.9154,,,,
582,3/1/19 11:01,33041.7,28129,8.75,40532.2,25.8997,,,,
583,3/1/19 11:11,33041.7,28112.3,8.75,40508.4,25.8828,,,,
584,3/1/19 11:21,33041.7,28165,8.76,40573.4,25.9289,,,,
585,3/1/19 11:31,33041.7,28134.5,8.76,40529.8,25.898,,,,
586,3/1/19 11:41,33041.7,28123.4,8.78,40493.5,25.8722,,,,
587,3/1/19 11:51,33041.7,28134.5,8.78,40509.3,25.8835,,,,
588,3/1/19 12:01,33041.7,28120.6,8.78,40489.5,25.8694,,,,
589,3/1/19 12:11,33041.7,28145.6,8.8,40504.6,25.8801,,,,
590,3/1/19 12:21,33041.7,28151.2,8.8,40512.6,25.8858,,,,
591,3/1/19 12:31,33041.7,28151.2,8.8,40512.6,25.8858,,,,
592,3/1/19 12:41,33041.7,28173.4,8.8,40544.3,25.9083,,,,
593,3/1/19 12:51,33041.7,28156.7,8.8,40520.5,25.8914,,,,
594,3/1/19 13:01,33041.7,28165,8.8,40532.3,25.8998,,,,
595,3/1/19 13:11,33041.7,28142.8,8.79,40510.9,25.8846,,,,
596,3/1/19 13:21,33041.7,28167.8,8.76,40577.4,25.9318,,,,
597,3/1/19 13:31,33041.7,28165,8.74,40593.9,25.9435,,,,
598,3/1/19 13:41,33041.7,28151.2,8.72,40594.8,25.9441,,,,
599,3/1/19 13:51,33041.7,28145.6,8.71,40597.1,25.9458,,,,
600,3/1/19 14:01,33041.7,28151.2,8.71,40605.1,25.9515,,,,
601,3/1/19 14:11,33041.7,28162.3,8.7,40631.3,25.97,,,,
602,3/1/19 14:21,33041.7,28131.7,8.68,40608.1,25.9536,,,,
603,3/1/19 14:31,33041.7,28120.6,8.67,40602.5,25.9496,,,,
604,3/1/19 14:41,33041.7,28131.7,8.65,40639,25.9755,,,,
605,3/1/19 14:51,33041.7,28131.7,8.64,40649.3,25.9829,,,,
606,3/1/19 15:01,33041.7,28131.7,8.64,40649.3,25.9829,,,,
607,3/1/19 15:11,33041.7,28123.4,8.64,40637.4,25.9744,,,,
608,3/1/19 15:21,33041.7,28153.9,8.63,40691.4,26.0128,,,,
609,3/1/19 15:31,33041.7,28137.3,8.64,40657.3,25.9886,,,,
610,3/1/19 15:41,33041.7,28123.4,8.64,40637.4,25.9744,,,,
611,3/1/19 15:51,33041.7,28145.6,8.64,40669.2,25.997,,,,
612,3/1/19 16:01,33041.7,28151.2,8.64,40677.2,26.0027,,,,
613,3/1/19 16:11,33041.7,28176.2,8.66,40692.4,26.0135,,,,
614,3/1/19 16:21,33041.7,28145.6,8.66,40648.6,25.9823,,,,
615,3/1/19 16:31,33041.7,28167.8,8.67,40670,25.9976,,,,
616,3/1/19 16:41,33041.7,28181.7,8.68,40679.6,26.0044,,,,
617,3/1/19 16:51,33041.7,28195.6,8.7,40678.9,26.0039,,,,
618,3/1/19 17:01,33041.7,28204,8.71,40680.6,26.0051,,,,
619,3/1/19 17:11,33041.7,28217.9,8.73,40679.8,26.0045,,,,
620,3/1/19 17:21,33041.7,28240.2,8.75,40691.1,26.0125,,,,
621,3/1/19 17:31,33041.7,28248.6,8.75,40703.1,26.021,,,,
622,3/1/19 17:41,33041.7,28231.9,8.76,40668.9,25.9968,,,,
623,3/1/19 17:51,33041.7,28240.2,8.76,40680.8,26.0052,,,,
624,3/1/19 18:01,33041.7,28226.3,8.76,40660.9,25.9911,,,,
625,3/1/19 18:11,33041.7,28240.2,8.75,40691.1,26.0125,,,,
626,3/1/19 18:21,33041.7,28240.2,8.74,40701.4,26.0198,,,,
627,3/1/19 18:31,33041.7,28257,8.74,40725.4,26.0369,,,,
628,3/1/19 18:41,33041.7,28231.9,8.72,40710.1,26.0261,,,,
629,3/1/19 18:51,33041.7,28226.3,8.72,40702.1,26.0204,,,,
630,3/1/19 19:01,33041.7,28217.9,8.7,40710.8,26.0265,,,,
631,3/1/19 19:11,33041.7,28209.6,8.7,40698.9,26.0181,,,,
632,3/1/19 19:21,33041.7,28195.6,8.7,40678.9,26.0039,,,,
633,3/1/19 19:31,33041.7,28181.7,8.7,40659,25.9897,,,,
634,3/1/19 19:41,33041.7,28137.3,8.7,40595.5,25.9447,,,,
635,3/1/19 19:51,33041.7,28115.1,8.7,40563.8,25.9221,,,,
636,3/1/19 20:01,33041.7,28101.3,8.7,40544,25.9081,,,,
637,3/1/19 20:11,33041.7,28070.8,8.68,40520.9,25.8917,,,,
638,3/1/19 20:21,33041.7,28021.2,8.68,40450,25.8413,,,,
639,3/1/19 20:31,33041.7,28012.9,8.67,40448.4,25.8402,,,,
640,3/1/19 20:41,33041.7,27968.9,8.66,40395.6,25.8028,,,,
641,3/1/19 20:51,33041.7,27977.1,8.67,40397.1,25.8038,,,,
642,3/1/19 21:01,33041.7,27963.4,8.68,40367.3,25.7827,,,,
643,3/1/19 21:11,33041.7,27947,8.7,40323.4,25.7515,,,,
644,3/1/19 21:21,33041.7,27955.2,8.71,40324.9,25.7526,,,,
645,3/1/19 21:31,33041.7,27938.7,8.71,40301.3,25.7358,,,,
646,3/1/19 21:41,33041.7,27977.1,8.72,40345.9,25.7675,,,,
647,3/1/19 21:51,33041.7,27982.6,8.72,40353.8,25.7731,,,,
648,3/1/19 22:01,33041.7,28004.6,8.72,40385.2,25.7954,,,,
649,3/1/19 22:11,33041.7,28021.2,8.72,40409,25.8122,,,,
650,3/1/19 22:21,33041.7,28018.4,8.73,40394.7,25.8021,,,,
651,3/1/19 22:31,33041.7,28018.4,8.72,40405,25.8094,,,,
652,3/1/19 22:41,33041.7,28087.4,8.73,40493.3,25.8721,,,,
653,3/1/19 22:51,33041.7,28048.7,8.72,40448.3,25.8401,,,,
654,3/1/19 23:01,33041.7,28079.1,8.73,40481.5,25.8637,,,,
655,3/1/19 23:11,33041.7,28087.4,8.72,40503.6,25.8794,,,,
656,3/1/19 23:21,33041.7,28070.8,8.72,40479.9,25.8626,,,,
657,3/1/19 23:31,33041.7,28070.8,8.72,40479.9,25.8626,,,,
658,3/1/19 23:41,33041.7,28092.9,8.71,40521.7,25.8923,,,,
659,3/1/19 23:51,33041.7,28079.1,8.7,40512.3,25.8856,,,,
660,3/2/19 0:01,33041.7,28079.1,8.7,40512.3,25.8856,,,,
661,3/2/19 0:11,33041.7,28084.6,8.68,40540.7,25.9057,,,,
662,3/2/19 0:21,33041.7,28092.9,8.67,40562.8,25.9215,,,,
663,3/2/19 0:31,33041.7,28087.4,8.65,40575.6,25.9305,,,,
664,3/2/19 0:41,33041.7,28087.4,8.65,40575.6,25.9305,,,,
665,3/2/19 0:51,33041.7,28054.3,8.64,40538.4,25.9041,,,,
666,3/2/19 1:01,33041.7,28054.3,8.63,40548.7,25.9114,,,,
667,3/2/19 1:11,33041.7,28057,8.62,40562.9,25.9215,,,,
668,3/2/19 1:21,33041.7,28065.3,8.6,40595.4,25.9446,,,,
669,3/2/19 1:31,33041.7,28081.9,8.59,40629.5,25.9688,,,,
670,3/2/19 1:41,33041.7,28073.6,8.58,40627.9,25.9677,,,,
671,3/2/19 1:51,33041.7,28079.1,8.57,40646.1,25.9806,,,,
672,3/2/19 2:01,33041.7,28087.4,8.55,40678.7,26.0038,,,,
673,3/2/19 2:11,33041.7,28101.3,8.53,40719.4,26.0326,,,,
674,3/2/19 2:21,33041.7,28070.8,8.52,40685.9,26.0089,,,,
675,3/2/19 2:31,33041.7,28087.4,8.51,40720.1,26.0331,,,,
676,3/2/19 2:41,33041.7,28081.9,8.5,40722.5,26.0349,,,,
677,3/2/19 2:51,33041.7,28079.1,8.5,40718.5,26.032,,,,
678,3/2/19 3:01,33041.7,28079.1,8.5,40718.5,26.032,,,,
679,3/2/19 3:11,33041.7,28092.9,8.5,40738.4,26.0461,,,,
680,3/2/19 3:21,33041.7,28095.7,8.5,40742.4,26.049,,,,
681,3/2/19 3:31,33041.7,28117.9,8.5,40774.3,26.0716,,,,
682,3/2/19 3:41,33041.7,28087.4,8.5,40730.4,26.0405,,,,
683,3/2/19 3:51,33041.7,28101.3,8.5,40750.4,26.0547,,,,
684,3/2/19 4:01,33041.7,28126.2,8.5,40786.2,26.0801,,,,
685,3/2/19 4:11,33041.7,28079.1,8.5,40718.5,26.032,,,,
686,3/2/19 4:21,33041.7,28104,8.5,40754.3,26.0575,,,,
687,3/2/19 4:31,33041.7,28081.9,8.5,40722.5,26.0349,,,,
688,3/2/19 4:41,33041.7,28087.4,8.52,40709.7,26.0258,,,,
689,3/2/19 4:51,33041.7,28109.6,8.53,40731.3,26.0411,,,,
690,3/2/19 5:01,33041.7,28101.3,8.56,40688.3,26.0106,,,,
691,3/2/19 5:11,33041.7,28123.4,8.59,40689,26.0111,,,,
692,3/2/19 5:21,33041.7,28109.6,8.6,40658.9,25.9897,,,,
693,3/2/19 5:31,33041.7,28129,8.62,40666.1,25.9948,,,,
694,3/2/19 5:41,33041.7,28115.1,8.63,40635.8,25.9733,,,,
695,3/2/19 5:51,33041.7,28153.9,8.65,40670.8,25.9981,,,,
696,3/2/19 6:01,33041.7,28151.2,8.67,40646.3,25.9807,,,,
697,3/2/19 6:11,33041.7,28137.3,8.67,40626.4,25.9666,,,,
698,3/2/19 6:21,33041.7,28129,8.67,40614.5,25.9582,,,,
699,3/2/19 6:31,33041.7,28137.3,8.67,40626.4,25.9666,,,,
700,3/2/19 6:41,33041.7,28123.4,8.65,40627.1,25.9671,,,,
701,3/2/19 6:51,33041.7,28123.4,8.64,40637.4,25.9744,,,,
702,3/2/19 7:01,33041.7,28106.8,8.63,40623.9,25.9649,,,,
703,3/2/19 7:11,33041.7,28101.3,8.62,40626.4,25.9666,,,,
704,3/2/19 7:21,33041.7,28101.3,8.6,40647,25.9812,,,,
705,3/2/19 7:31,33041.7,28079.1,8.59,40625.5,25.966,,,,
706,3/2/19 7:41,33041.7,28109.6,8.57,40689.9,26.0117,,,,
707,3/2/19 7:51,33041.7,28079.1,8.55,40666.8,25.9953,,,,
708,3/2/19 8:01,33041.7,28048.7,8.53,40643.8,25.979,,,,
709,3/2/19 8:11,33041.7,28043.2,8.51,40656.6,25.988,,,,
710,3/2/19 8:21,33041.7,28034.9,8.51,40644.7,25.9796,,,,
711,3/2/19 8:31,33041.7,28023.9,8.49,40649.5,25.983,,,,
712,3/2/19 8:41,33041.7,27999.1,8.48,40624.2,25.965,,,,
713,3/2/19 8:51,33041.7,28007.4,8.48,40636.1,25.9735,,,,
714,3/2/19 9:01,33041.7,28021.2,8.47,40666.3,25.995,,,,
715,3/2/19 9:11,33041.7,28007.4,8.47,40646.5,25.9809,,,,
716,3/2/19 9:21,33041.7,28007.4,8.45,40667.2,25.9956,,,,
717,3/2/19 9:31,33041.7,27993.6,8.45,40647.3,25.9815,,,,
718,3/2/19 9:41,33041.7,28021.2,8.45,40687,26.0097,,,,
719,3/2/19 9:51,33041.7,28037.7,8.48,40679.7,26.0045,,,,
720,3/2/19 10:01,33041.7,28043.2,8.49,40677.3,26.0027,,,,
721,3/2/19 10:11,33041.7,28057,8.5,40686.8,26.0095,,,,
722,3/2/19 10:21,33041.7,28048.7,8.51,40664.5,25.9936,,,,
723,3/2/19 10:31,33041.7,28087.4,8.52,40709.7,26.0258,,,,
724,3/2/19 10:41,33041.7,28087.4,8.53,40699.4,26.0184,,,,
725,3/2/19 10:51,33041.7,28079.1,8.56,40656.5,25.9879,,,,
726,3/2/19 11:01,33041.7,28079.1,8.57,40646.1,25.9806,,,,
727,3/2/19 11:11,33041.7,28123.4,8.57,40709.7,26.0258,,,,
728,3/2/19 11:21,33041.7,28123.4,8.58,40699.4,26.0184,,,,
729,3/2/19 11:31,33041.7,28151.2,8.59,40728.9,26.0394,,,,
730,3/2/19 11:41,33041.7,28145.6,8.6,40710.5,26.0263,,,,
731,3/2/19 11:51,33041.7,28129,8.6,40686.7,26.0094,,,,
732,3/2/19 12:01,33041.7,28123.4,8.6,40678.7,26.0037,,,,
733,3/2/19 12:11,33041.7,28129,8.62,40666.1,25.9948,,,,
734,3/2/19 12:21,33041.7,28137.3,8.6,40698.6,26.0179,,,,
735,3/2/19 12:31,33041.7,28131.7,8.62,40669.9,25.9975,,,,
736,3/2/19 12:41,33041.7,28109.6,8.62,40638.3,25.975,,,,
737,3/2/19 12:51,33041.7,28129,8.62,40666.1,25.9948,,,,
738,3/2/19 13:01,33041.7,28115.1,8.62,40646.2,25.9806,,,,
739,3/2/19 13:11,33041.7,28123.4,8.63,40647.7,25.9817,,,,
740,3/2/19 13:21,33041.7,28131.7,8.63,40659.6,25.9902,,,,
741,3/2/19 13:31,33041.7,28109.6,8.63,40628,25.9677,,,,
742,3/2/19 13:41,33041.7,28131.7,8.62,40669.9,25.9975,,,,
743,3/2/19 13:51,33041.7,28131.7,8.63,40659.6,25.9902,,,,
744,3/2/19 14:01,33041.7,28129,8.63,40655.7,25.9874,,,,
745,3/2/19 14:11,33041.7,28131.7,8.64,40649.3,25.9829,,,,
746,3/2/19 14:21,33041.7,28167.8,8.64,40701,26.0196,,,,
747,3/2/19 14:31,33041.7,28145.6,8.64,40669.2,25.997,,,,
748,3/2/19 14:41,33041.7,28151.2,8.65,40666.9,25.9954,,,,
749,3/2/19 14:51,33041.7,28137.3,8.65,40647,25.9812,,,,
750,3/2/19 15:01,33041.7,28123.4,8.64,40637.4,25.9744,,,,
751,3/2/19 15:11,33041.7,28137.3,8.64,40657.3,25.9886,,,,
752,3/2/19 15:21,33041.7,28129,8.64,40645.4,25.9801,,,,
753,3/2/19 15:31,33041.7,28131.7,8.63,40659.6,25.9902,,,,
754,3/2/19 15:41,33041.7,28145.6,8.63,40679.5,26.0043,,,,
755,3/2/19 15:51,33041.7,28145.6,8.62,40689.9,26.0117,,,,
756,3/2/19 16:01,33041.7,28131.7,8.62,40669.9,25.9975,,,,
757,3/2/19 16:11,33041.7,28106.8,8.62,40634.3,25.9722,,,,
758,3/2/19 16:21,33041.7,28137.3,8.62,40678,26.0032,,,,
759,3/2/19 16:31,33041.7,28145.6,8.62,40689.9,26.0117,,,,
760,3/2/19 16:41,33041.7,28151.2,8.62,40697.9,26.0174,,,,
761,3/2/19 16:51,33041.7,28151.2,8.62,40697.9,26.0174,,,,
762,3/2/19 17:01,33041.7,28159.5,8.63,40699.4,26.0185,,,,
763,3/2/19 17:11,33041.7,28145.6,8.63,40679.5,26.0043,,,,
764,3/2/19 17:21,33041.7,28129,8.62,40666.1,25.9948,,,,
765,3/2/19 17:31,33041.7,28123.4,8.62,40658,25.9891,,,,
766,3/2/19 17:41,33041.7,28145.6,8.62,40689.9,26.0117,,,,
767,3/2/19 17:51,33041.7,28145.6,8.62,40689.9,26.0117,,,,
768,3/2/19 18:01,33041.7,28142.8,8.62,40685.8,26.0088,,,,
769,3/2/19 18:11,33041.7,28145.6,8.6,40710.5,26.0263,,,,
770,3/2/19 18:21,33041.7,28123.4,8.62,40658,25.9891,,,,
771,3/2/19 18:31,33041.7,28137.3,8.6,40698.6,26.0179,,,,
772,3/2/19 18:41,33041.7,28145.6,8.59,40720.9,26.0337,,,,
773,3/2/19 18:51,33041.7,28145.6,8.59,40720.9,26.0337,,,,
774,3/2/19 19:01,33041.7,28140.1,8.59,40713,26.0281,,,,
775,3/2/19 19:11,33041.7,28123.4,8.58,40699.4,26.0184,,,,
776,3/2/19 19:21,33041.7,28123.4,8.58,40699.4,26.0184,,,,
777,3/2/19 19:31,33041.7,28092.9,8.58,40655.6,25.9873,,,,
778,3/2/19 19:41,33041.7,28137.3,8.57,40729.6,26.0399,,,,
779,3/2/19 19:51,33041.7,28087.4,8.56,40668.4,25.9964,,,,
780,3/2/19 20:01,33041.7,28101.3,8.55,40698.7,26.0179,,,,
781,3/2/19 20:11,33041.7,28109.6,8.55,40710.6,26.0264,,,,
782,3/2/19 20:21,33041.7,28109.6,8.53,40731.3,26.0411,,,,
783,3/2/19 20:31,33041.7,28109.6,8.55,40710.6,26.0264,,,,
784,3/2/19 20:41,33041.7,28115.1,8.56,40708.1,26.0246,,,,
785,3/2/19 20:51,33041.7,28101.3,8.56,40688.3,26.0106,,,,
786,3/2/19 21:01,33041.7,28109.6,8.57,40689.9,26.0117,,,,
787,3/2/19 21:11,33041.7,28070.8,8.57,40634.2,25.9722,,,,
788,3/2/19 21:21,33041.7,28087.4,8.59,40637.4,25.9744,,,,
789,3/2/19 21:31,33041.7,28070.8,8.6,40603.3,25.9502,,,,
790,3/2/19 21:41,33041.7,28065.3,8.62,40574.8,25.9299,,,,
791,3/2/19 21:51,33041.7,28123.4,8.63,40647.7,25.9817,,,,
792,3/2/19 22:01,33041.7,28101.3,8.63,40616.1,25.9593,,,,
793,3/2/19 22:11,33041.7,28101.3,8.65,40595.5,25.9446,,,,
794,3/2/19 22:21,33041.7,28115.1,8.65,40615.2,25.9587,,,,
795,3/2/19 22:31,33041.7,28129,8.66,40624.8,25.9655,,,,
796,3/2/19 22:41,33041.7,28120.6,8.65,40623.1,25.9642,,,,
797,3/2/19 22:51,33041.7,28129,8.65,40635.1,25.9728,,,,
798,3/2/19 23:01,33041.7,28123.4,8.65,40627.1,25.9671,,,,
799,3/2/19 23:11,33041.7,28092.9,8.65,40583.4,25.9361,,,,
800,3/2/19 23:21,33041.7,28129,8.64,40645.4,25.9801,,,,
801,3/2/19 23:31,33041.7,28131.7,8.64,40649.3,25.9829,,,,
802,3/2/19 23:41,33041.7,28123.4,8.63,40647.7,25.9817,,,,
803,3/2/19 23:51,33041.7,28115.1,8.63,40635.8,25.9733,,,,
804,3/3/19 0:01,33041.7,28101.3,8.62,40626.4,25.9666,,,,
805,3/3/19 0:11,33041.7,28137.3,8.62,40678,26.0032,,,,
806,3/3/19 0:21,33041.7,28129,8.6,40686.7,26.0094,,,,
807,3/3/19 0:31,33041.7,28098.5,8.59,40653.3,25.9857,,,,
808,3/3/19 0:41,33041.7,28137.3,8.59,40709,26.0252,,,,
809,3/3/19 0:51,33041.7,28123.4,8.57,40709.7,26.0258,,,,
810,3/3/19 1:01,33041.7,28101.3,8.57,40678,26.0032,,,,
811,3/3/19 1:11,33041.7,28115.1,8.56,40708.1,26.0246,,,,
812,3/3/19 1:21,33041.7,28101.3,8.55,40698.7,26.0179,,,,
813,3/3/19 1:31,33041.7,28137.3,8.55,40750.3,26.0546,,,,
814,3/3/19 1:41,33041.7,28109.6,8.53,40731.3,26.0411,,,,
815,3/3/19 1:51,33041.7,28087.4,8.53,40699.4,26.0184,,,,
816,3/3/19 2:01,33041.7,28092.9,8.53,40707.3,26.0241,,,,
817,3/3/19 2:11,33041.7,28109.6,8.53,40731.3,26.0411,,,,
818,3/3/19 2:21,33041.7,28104,8.52,40733.6,26.0427,,,,
819,3/3/19 2:31,33041.7,28084.6,8.51,40716.1,26.0303,,,,
820,3/3/19 2:41,33041.7,28070.8,8.51,40696.2,26.0162,,,,
821,3/3/19 2:51,33041.7,28059.8,8.49,40701.1,26.0197,,,,
822,3/3/19 3:01,33041.7,28057,8.48,40707.5,26.0242,,,,
823,3/3/19 3:11,33041.7,28073.6,8.48,40731.3,26.0411,,,,
824,3/3/19 3:21,33041.7,28043.2,8.47,40698,26.0174,,,,
825,3/3/19 3:31,33041.7,28065.3,8.47,40729.8,26.04,,,,
826,3/3/19 3:41,33041.7,28065.3,8.45,40750.5,26.0547,,,,
827,3/3/19 3:51,33041.7,28073.6,8.45,40762.4,26.0632,,,,
828,3/3/19 4:01,33041.7,28051.5,8.45,40730.6,26.0406,,,,
829,3/3/19 4:11,33041.7,28051.5,8.44,40741,26.048,,,,
830,3/3/19 4:21,33041.7,28073.6,8.44,40772.8,26.0706,,,,
831,3/3/19 4:31,33041.7,28051.5,8.43,40751.4,26.0554,,,,
832,3/3/19 4:41,33041.7,28043.2,8.42,40749.8,26.0543,,,,
833,3/3/19 4:51,33041.7,28059.8,8.42,40773.7,26.0712,,,,
834,3/3/19 5:01,33041.7,28065.3,8.42,40781.6,26.0769,,,,
835,3/3/19 5:11,33041.7,28065.3,8.42,40781.6,26.0769,,,,
836,3/3/19 5:21,33041.7,28059.8,8.41,40784.1,26.0786,,,,
837,3/3/19 5:31,33041.7,28065.3,8.42,40781.6,26.0769,,,,
838,3/3/19 5:41,33041.7,28043.2,8.41,40760.2,26.0616,,,,
839,3/3/19 5:51,33041.7,28068.1,8.4,40806.4,26.0945,,,,
840,3/3/19 6:01,33041.7,28046,8.4,40774.6,26.0719,,,,
841,3/3/19 6:11,33041.7,28059.8,8.4,40794.5,26.086,,,,
842,3/3/19 6:21,33041.7,28012.9,8.4,40726.9,26.038,,,,
843,3/3/19 6:31,33041.7,28065.3,8.39,40812.8,26.099,,,,
844,3/3/19 6:41,33041.7,28059.8,8.39,40804.9,26.0934,,,,
845,3/3/19 6:51,33041.7,28034.9,8.4,40758.6,26.0605,,,,
846,3/3/19 7:01,33041.7,28065.3,8.4,40802.4,26.0916,,,,
847,3/3/19 7:11,33041.7,28059.8,8.4,40794.5,26.086,,,,
848,3/3/19 7:21,33041.7,28051.5,8.41,40772.1,26.0701,,,,
849,3/3/19 7:31,33041.7,28029.4,8.4,40750.7,26.0549,,,,
850,3/3/19 7:41,33041.7,28034.9,8.4,40758.6,26.0605,,,,
851,3/3/19 7:51,33041.7,28073.6,8.4,40814.4,26.1001,,,,
852,3/3/19 8:01,33041.7,28065.3,8.39,40812.8,26.099,,,,
853,3/3/19 8:11,33041.7,28051.5,8.4,40782.5,26.0775,,,,
854,3/3/19 8:21,33041.7,28065.3,8.4,40802.4,26.0916,,,,
855,3/3/19 8:31,33041.7,28051.5,8.4,40782.5,26.0775,,,,
856,3/3/19 8:41,33041.7,28065.3,8.4,40802.4,26.0916,,,,
857,3/3/19 8:51,33041.7,28068.1,8.42,40785.7,26.0797,,,,
858,3/3/19 9:01,33041.7,28059.8,8.42,40773.7,26.0712,,,,
859,3/3/19 9:11,33041.7,28073.6,8.43,40783.2,26.078,,,,
860,3/3/19 9:21,33041.7,28073.6,8.44,40772.8,26.0706,,,,
861,3/3/19 9:31,33041.7,28079.1,8.45,40770.3,26.0689,,,,
862,3/3/19 9:41,33041.7,28101.3,8.45,40802.3,26.0916,,,,
863,3/3/19 9:51,33041.7,28101.3,8.47,40781.5,26.0768,,,,
864,3/3/19 10:01,33041.7,28101.3,8.49,40760.8,26.0621,,,,
865,3/3/19 10:11,33041.7,28115.1,8.5,40770.3,26.0688,,,,
866,3/3/19 10:21,33041.7,28092.9,8.5,40738.4,26.0461,,,,
867,3/3/19 10:31,33041.7,28109.6,8.5,40762.4,26.0632,,,,
868,3/3/19 10:41,33041.7,28123.4,8.5,40782.2,26.0773,,,,
869,3/3/19 10:51,33041.7,28109.6,8.5,40762.4,26.0632,,,,
870,3/3/19 11:01,33041.7,28131.7,8.51,40783.7,26.0784,,,,
871,3/3/19 11:11,33041.7,28137.3,8.52,40781.4,26.0767,,,,
872,3/3/19 11:21,33041.7,28137.3,8.53,40771.1,26.0694,,,,
873,3/3/19 11:31,33041.7,28137.3,8.55,40750.3,26.0546,,,,
874,3/3/19 11:41,33041.7,28123.4,8.56,40720,26.0331,,,,
875,3/3/19 11:51,33041.7,28145.6,8.57,40741.5,26.0484,,,,
876,3/3/19 12:01,33041.7,28129,8.58,40707.4,26.0241,,,,
877,3/3/19 12:11,33041.7,28137.3,8.6,40698.6,26.0179,,,,
878,3/3/19 12:21,33041.7,28167.8,8.62,40721.7,26.0343,,,,
879,3/3/19 12:31,33041.7,28167.8,8.62,40721.7,26.0343,,,,
880,3/3/19 12:41,33041.7,28173.4,8.64,40709,26.0253,,,,
881,3/3/19 12:51,33041.7,28165,8.65,40686.7,26.0094,,,,
882,3/3/19 13:01,33041.7,28159.5,8.66,40668.5,25.9965,,,,
883,3/3/19 13:11,33041.7,28167.8,8.66,40680.4,26.0049,,,,
884,3/3/19 13:21,33041.7,28173.4,8.68,40667.7,25.996,,,,
885,3/3/19 13:31,33041.7,28156.7,8.68,40643.8,25.979,,,,
886,3/3/19 13:41,33041.7,28178.9,8.68,40675.6,26.0015,,,,
887,3/3/19 13:51,33041.7,28165,8.68,40655.7,25.9874,,,,
888,3/3/19 14:01,33041.7,28173.4,8.67,40678.1,26.0033,,,,
889,3/3/19 14:11,33041.7,28156.7,8.68,40643.8,25.979,,,,
890,3/3/19 14:21,33041.7,28165,8.68,40655.7,25.9874,,,,
891,3/3/19 14:31,33041.7,28181.7,8.68,40679.6,26.0044,,,,
892,3/3/19 14:41,33041.7,28165,8.7,40635.1,25.9728,,,,
893,3/3/19 14:51,33041.7,28178.9,8.7,40655,25.9869,,,,
894,3/3/19 15:01,33041.7,28165,8.71,40624.8,25.9655,,,,
895,3/3/19 15:11,33041.7,28142.8,8.7,40603.4,25.9502,,,,
896,3/3/19 15:21,33041.7,28165,8.7,40635.1,25.9728,,,,
897,3/3/19 15:31,33041.7,28165,8.7,40635.1,25.9728,,,,
898,3/3/19 15:41,33041.7,28173.4,8.7,40647.1,25.9813,,,,
899,3/3/19 15:51,33041.7,28165,8.68,40655.7,25.9874,,,,
900,3/3/19 16:01,33041.7,28178.9,8.68,40675.6,26.0015,,,,
901,3/3/19 16:11,33041.7,28151.2,8.68,40636,25.9734,,,,
902,3/3/19 16:21,33041.7,28187.3,8.68,40687.6,26.0101,,,,
903,3/3/19 16:31,33041.7,28195.6,8.67,40709.8,26.0258,,,,
904,3/3/19 16:41,33041.7,28173.4,8.67,40678.1,26.0033,,,,
905,3/3/19 16:51,33041.7,28181.7,8.67,40689.9,26.0117,,,,
906,3/3/19 17:01,33041.7,28165,8.67,40666,25.9947,,,,
907,3/3/19 17:11,33041.7,28187.3,8.66,40708.3,26.0247,,,,
908,3/3/19 17:21,33041.7,28178.9,8.66,40696.2,26.0162,,,,
909,3/3/19 17:31,33041.7,28173.4,8.65,40698.7,26.0179,,,,
910,3/3/19 17:41,33041.7,28165,8.65,40686.7,26.0094,,,,
911,3/3/19 17:51,33041.7,28187.3,8.65,40718.6,26.0321,,,,
912,3/3/19 18:01,33041.7,28195.6,8.64,40740.8,26.0479,,,,
913,3/3/19 18:11,33041.7,28187.3,8.63,40739.3,26.0468,,,,
914,3/3/19 18:21,33041.7,28159.5,8.62,40709.8,26.0258,,,,
915,3/3/19 18:31,33041.7,28167.8,8.6,40742.3,26.049,,,,
916,3/3/19 18:41,33041.7,28181.7,8.6,40762.3,26.0631,,,,
917,3/3/19 18:51,33041.7,28167.8,8.59,40752.7,26.0563,,,,
918,3/3/19 19:01,33041.7,28145.6,8.59,40720.9,26.0337,,,,
919,3/3/19 19:11,33041.7,28159.5,8.58,40751.1,26.0552,,,,
920,3/3/19 19:21,33041.7,28167.8,8.58,40763,26.0637,,,,
921,3/3/19 19:31,33041.7,28151.2,8.58,40739.2,26.0467,,,,
922,3/3/19 19:41,33041.7,28159.5,8.56,40771.8,26.0699,,,,
923,3/3/19 19:51,33041.7,28115.1,8.56,40708.1,26.0246,,,,
924,3/3/19 20:01,33041.7,28159.5,8.56,40771.8,26.0699,,,,
925,3/3/19 20:11,33041.7,28159.5,8.56,40771.8,26.0699,,,,
926,3/3/19 20:21,33041.7,28145.6,8.55,40762.2,26.0631,,,,
927,3/3/19 20:31,33041.7,28153.9,8.53,40794.9,26.0863,,,,
928,3/3/19 20:41,33041.7,28123.4,8.53,40751.1,26.0552,,,,
929,3/3/19 20:51,33041.7,28131.7,8.52,40773.4,26.071,,,,
930,3/3/19 21:01,33041.7,28137.3,8.51,40791.8,26.0841,,,,
931,3/3/19 21:11,33041.7,28145.6,8.5,40814.1,26.0999,,,,
932,3/3/19 21:21,33041.7,28104,8.5,40754.3,26.0575,,,,
933,3/3/19 21:31,33041.7,28123.4,8.49,40792.6,26.0846,,,,
934,3/3/19 21:41,33041.7,28087.4,8.48,40751.2,26.0552,,,,
935,3/3/19 21:51,33041.7,28079.1,8.48,40739.2,26.0467,,,,
936,3/3/19 22:01,33041.7,28087.4,8.48,40751.2,26.0552,,,,
937,3/3/19 22:11,33041.7,28092.9,8.45,40790.2,26.083,,,,
938,3/3/19 22:21,33041.7,28079.1,8.47,40749.6,26.0541,,,,
939,3/3/19 22:31,33041.7,28070.8,8.44,40768.8,26.0677,,,,
940,3/3/19 22:41,33041.7,28073.6,8.43,40783.2,26.078,,,,
941,3/3/19 22:51,33041.7,28065.3,8.42,40781.6,26.0769,,,,
942,3/3/19 23:01,33041.7,28051.5,8.42,40761.8,26.0627,,,,
943,3/3/19 23:11,33041.7,28021.2,8.42,40718.1,26.0317,,,,
944,3/3/19 23:21,33041.7,27985.4,8.44,40645.9,25.9804,,,,
945,3/3/19 23:31,33041.7,27977.1,8.47,40602.9,25.9499,,,,
946,3/3/19 23:41,33041.7,27993.6,8.48,40616.3,25.9594,,,,
947,3/3/19 23:51,33041.7,27971.7,8.5,40564.2,25.9224,,,,
948,3/4/19 0:01,33041.7,27963.4,8.51,40541.9,25.9066,,,,
949,3/4/19 0:11,33041.7,27990.9,8.5,40591.8,25.942,,,,
950,3/4/19 0:21,33041.7,27982.6,8.5,40579.8,25.9335,,,,
951,3/4/19 0:31,33041.7,27990.9,8.49,40602.1,25.9493,,,,
952,3/4/19 0:41,33041.7,27990.9,8.48,40612.4,25.9567,,,,
953,3/4/19 0:51,33041.7,28029.4,8.48,40667.8,25.996,,,,
954,3/4/19 1:01,33041.7,28012.9,8.48,40644.1,25.9791,,,,
955,3/4/19 1:11,33041.7,28007.4,8.45,40667.2,25.9956,,,,
956,3/4/19 1:21,33041.7,27990.9,8.45,40643.4,25.9787,,,,
957,3/4/19 1:31,33041.7,28007.4,8.44,40677.5,26.0029,,,,
958,3/4/19 1:41,33041.7,28037.7,8.44,40721.1,26.0339,,,,
959,3/4/19 1:51,33041.7,28034.9,8.44,40717.1,26.031,,,,
960,3/4/19 2:01,33041.7,28021.2,8.45,40687,26.0097,,,,
961,3/4/19 2:11,33041.7,28021.2,8.45,40687,26.0097,,,,
962,3/4/19 2:21,33041.7,28043.2,8.45,40718.7,26.0322,,,,
963,3/4/19 2:31,33041.7,28026.7,8.45,40694.9,26.0153,,,,
964,3/4/19 2:41,33041.7,28034.9,8.47,40686,26.009,,,,
965,3/4/19 2:51,33041.7,28034.9,8.47,40686,26.009,,,,
966,3/4/19 3:01,33041.7,28034.9,8.49,40665.3,25.9943,,,,
967,3/4/19 3:11,33041.7,28057,8.49,40697.1,26.0168,,,,
968,3/4/19 3:21,33041.7,28059.8,8.5,40690.8,26.0123,,,,
969,3/4/19 3:31,33041.7,28070.8,8.51,40696.2,26.0162,,,,
970,3/4/19 3:41,33041.7,28040.5,8.51,40652.7,25.9853,,,,
971,3/4/19 3:51,33041.7,28062.5,8.51,40684.3,26.0077,,,,
972,3/4/19 4:01,33041.7,28057,8.52,40666.1,25.9948,,,,
973,3/4/19 4:11,33041.7,28065.3,8.52,40678,26.0032,,,,
974,3/4/19 4:21,33041.7,28079.1,8.52,40697.8,26.0173,,,,
975,3/4/19 4:31,33041.7,28057,8.51,40676.4,26.0021,,,,
976,3/4/19 4:41,33041.7,28079.1,8.51,40708.2,26.0247,,,,
977,3/4/19 4:51,33041.7,28065.3,8.5,40698.7,26.0179,,,,
978,3/4/19 5:01,33041.7,28095.7,8.5,40742.4,26.049,,,,
979,3/4/19 5:11,33041.7,28065.3,8.49,40709,26.0253,,,,
980,3/4/19 5:21,33041.7,28057,8.48,40707.5,26.0242,,,,
981,3/4/19 5:31,33041.7,28081.9,8.47,40753.6,26.057,,,,
982,3/4/19 5:41,33041.7,28065.3,8.47,40729.8,26.04,,,,
983,3/4/19 5:51,33041.7,28087.4,8.44,40792.7,26.0847,,,,
984,3/4/19 6:01,33041.7,28070.8,8.44,40768.8,26.0677,,,,
985,3/4/19 6:11,33041.7,28057,8.43,40759.3,26.061,,,,
986,3/4/19 6:21,33041.7,28079.1,8.43,40791.1,26.0836,,,,
987,3/4/19 6:31,33041.7,28043.2,8.42,40749.8,26.0543,,,,
988,3/4/19 6:41,33041.7,28095.7,8.41,40835.8,26.1154,,,,
989,3/4/19 6:51,33041.7,28065.3,8.4,40802.4,26.0916,,,,
990,3/4/19 7:01,33041.7,28059.8,8.4,40794.5,26.086,,,,
991,3/4/19 7:11,33041.7,28059.8,8.4,40794.5,26.086,,,,
992,3/4/19 7:21,33041.7,28065.3,8.37,40833.6,26.1138,,,,
993,3/4/19 7:31,33041.7,28043.2,8.36,40812.1,26.0985,,,,
994,3/4/19 7:41,33041.7,28059.8,8.36,40836.1,26.1156,,,,
995,3/4/19 7:51,33041.7,28059.8,8.36,40836.1,26.1156,,,,
996,3/4/19 8:01,33041.7,28051.5,8.37,40813.7,26.0997,,,,
997,3/4/19 8:11,33041.7,28043.2,8.39,40780.9,26.0764,,,,
998,3/4/19 8:21,33041.7,28034.9,8.4,40758.6,26.0605,,,,
999,3/4/19 8:31,33041.7,28065.3,8.4,40802.4,26.0916,,,,
1000,3/4/19 8:41,33041.7,28059.8,8.4,40794.5,26.086,,,,
1001,3/4/19 8:51,33041.7,28034.9,8.42,40737.8,26.0458,,,,
1002,3/4/19 9:01,33041.7,28065.3,8.43,40771.2,26.0695,,,,
1003,3/4/19 9:11,33041.7,28048.7,8.43,40747.3,26.0525,,,,
1004,3/4/19 9:19,,,,,,,Logged,,
1005,3/4/19 9:19,,,,,,,,Logged,Logged